,0
0,MDFLI
1,MFDL
2,MDLA
3,LIVTQ
4,LIVT
5,MILLLFR
6,VYRT
7,VSV
8,IKW
9,LRW
10,LRP
11,MKP
12,LKP
13,VVYPW
14,LRIPVA
15,PTHIAW
16,FFGVRCVSP
17,LIWKL
18,IVY
19,FKGRYYP
20,IRW
21,IRY
22,MRW
23,KGYGGVSLPEW
24,RYLGY
25,MAP
26,LIY
27,TYLGS
28,VLRP
29,PTHIKWGD
30,VHW
31,GAAELPCSADWW
32,IIY
33,VVGAK
34,ERKIKVYL
35,VRF
36,CFCTKPC
37,FL
38,IRPVQ
39,SKVYP
40,AKYSY
41,PTHVAW
42,GVYPHK
43,IQW
44,LHP
45,KW
46,AFKAWAVAR
47,APGAGVY
48,IKP
49,FQPQPLIYP
50,IMY
51,IRP
52,LHLPLR
53,FFYY
54,GKKVLQ
55,LHLPGP
56,CF
57,LAPSLPGKPKPD
58,DGVVYY
59,GKKIATYQER
60,IW
61,KKIATYQER
62,TVPY
63,VAP
64,MRWRD
65,FQKVVAK
66,DP
67,FSY
68,LQP
69,VRP
70,LHLPYP
71,TKY
72,TYCQ
73,LKPNM
74,PYVRYL
75,ILP
76,IWHHTF
77,PRY
78,VW
79,LTF
80,FHERDPTHIKWGD
81,TKTGRSAHVLSRYRPRA
82,VADVYVGK
83,VAW
84,IAYKP
85,EVMAGNLYPG
86,PQPLIYP
87,MVGSAPGVL
88,FRADHPFL
89,FRAHPFL
90,ITMIAPSAF
91,DIGYY
92,IFVPAF
93,VAHINVWK
94,IWH
95,LAP
96,QPLIYP
97,VVYPWTQ
98,IY
99,LHLPLP
100,VKP
101,ISHIYVWK
102,FYPEL
103,IFVPA
104,LAY
105,DELQDKIHPFAQTQSLVYPFPGPIPNS
106,LQW
107,PNRIKYGD
108,QPQPLIYP
109,GVGAGY
110,VVCVPW
111,LRPVAA
112,IAYKPAG
113,FALPQY
114,FALPQYLK
115,IVRDPNGMGAW
116,PLIYP
117,VPA
118,FVPAF
119,LYPVK
120,VHLAP
121,VWP
122,VYPHK
123,QNALIVRYTR
124,WHP
125,YPSFQPQPLIYP
126,LGFPTTKTYFPHF
127,IPP
128,KVLPVP
129,KWLP
130,LRY
131,LLLAHLL
132,VELYP
133,LVYPFPGPIPNSLPQNIPP
134,MLPVY
135,PYKWLP
136,VTVNPYKWLP
137,VVYPWTQRF
138,LKIPLY
139,VLPF
140,FQKVVA
141,IWHHT
142,LVY
143,FW
144,FFVAP
145,LHLPAP
146,VVYPWT
147,LKIPVA
148,KRVIQY
149,LDY
150,VYAP
151,FFGRCVSP
152,FGRCVSP
153,IVGRPRHQG
154,RADHPFL
155,IRA
156,LY
157,KLYMRP
158,AKF
159,AWW
160,AYFYPEL
161,AYFYPELF
162,VDF
163,LYP
164,GKMVKVVSWY
165,VAHINVGK
166,CVL
167,LW
168,FNF
169,FRC
170,MKY
171,FQKVVAG
172,IYPSFQPQPLIYP
173,PTHIKWG
174,YANPAVVRP
175,HERDPTHIKWGD
176,KKPTHIKWGD
177,SAPLRVY
178,AGTTCLFTPLALPYDYSH
179,SVY
180,YW
181,GPAGAP
182,IYPRY
183,LKA
184,KIYPSFQPQPLIYP
185,VSGAGRY
186,YINQMPQKSREA
187,MIPAY
188,VIIF
189,VQV
190,IPF
191,GLY
192,LHLWLP
193,VPP
194,VWDPPKFD
195,VIP
196,VWY
197,LLNPPHQIYP
198,LPP
199,MYY
200,DDTGHDFEDTGEAM
201,MLPAY
202,LKPMN
203,YALPHA
204,ALPHA
205,IYPR
206,LIYP
207,VSP
208,WL
209,WQVLPNAVPAK
210,FVP
211,LKY
212,PYKLRP
213,LHPGDAQR
214,GPPGTDGAP
215,RY
216,LPF
217,FEDYVPLSCF
218,FCF
219,INYWL
220,KALPMHIRLAF
221,LKVGVKQY
222,YQKFPQYLQY
223,GDLGKTTTVSNWSPPKYKDTP
224,GPPGPP
225,LVVYPWTQ
226,PTHIKW
227,DAQSAPLRVY
228,LVL
229,FCVLRP
230,KPVAAP
231,VK
232,DW
233,KY
234,PTHIDW
235,VAA
236,PYKW
237,VDSDVVKG
238,YKW
239,KLPAGTLF
240,VTPALR
241,IFY
242,FPQYLQY
243,IVGRRRHQG
244,IVR
245,LVR
246,YLAGNQ
247,YQNPRLGPTGELDPATQPIVAVHNPVIV
248,FGASTRGA
249,VIY
250,AVPYPQR
251,NIFYCP
252,NLHLPLPLL
253,TVY
254,YPFPGPIPN
255,IAK
256,PSY
257,VAY
258,YGGVSLPEW
259,YLYEIAR
260,APGAPGPVG
261,MAW
262,YKLRP
263,YPR
264,YKWLP
265,YPRY
266,LIPPGVPY
267,MPF
268,PAVVRP
269,AFVGYVLP
270,FYN
271,TQVY
272,AWPF
273,FWN
274,LHLYLP
275,IHPFAQTQSLVYP
276,PVGLVQPASATLYDY
277,STHGVW
278,KAAAAP
279,FCVL
280,AKYCY
281,RVPSL
282,YQKFPQY
283,LVPFGW
284,KVLILA
285,LLYQQPVLGPVRGPFPIIV
286,PADIKWGD
287,VPPLYPN
288,VSRHFASYAN
289,YNKL
290,WPEAAELMMEVDP
291,KP
292,PPHQIYP
293,VVY
294,VY
295,YKVPQL
296,CWLPVY
297,MIFPGGPQL
298,VTGRFAGHPAAQ
299,QVSLNSGYY
300,WPERPPQIP
301,VSW
302,YPK
303,MKG
304,VRYL
305,YPLDLF
306,MLLCS
307,YYPQIMQY
308,ANPAVVRP
309,FAQTQSLVYP
310,FY
311,FYQQ
312,LNPPHQIYP
313,DKVGINYW
314,KAAAATP
315,WVPSVY
316,HPFAQTQSLVYP
317,KRQKYDI
318,KDYRL
319,MIFPGAGGPEL
320,LKYPI
321,GYALPHA
322,YTAGV
323,LVYPFTGPIPN
324,KF
325,RIY
326,VKKVLGNP
327,LPYPY
328,VMP
329,GAPGLPGP
330,VECYGPNRPQF
331,KVGTKCCAKP
332,KVLAGM
333,PHQIYP
334,VWIS
335,TVGMTAKF
336,KLKFV
337,DPYKLRP
338,VLY
339,IITNW
340,IRPV
341,PANIKWGD
342,KA
343,VAWKL
344,GFYPPP
345,VLAQYK
346,NY
347,IKPVQ
348,IKY
349,VKCFR
350,AYIASKGL
351,CVTPALR
352,VVF
353,NCW
354,LLMLDNDLPP
355,PLW
356,VLPYP
357,AW
358,VLSRYP
359,FFL
360,GPAGAPGAA
361,NPPHQIYP
362,PTHIKWD
363,TVYTKGRVMP
364,PTHIKWN
365,WY
366,VMDKPQG
367,KIHPFAQTQSLVYP
368,SLVYP
369,HLPLP
370,NNVMLQW
371,QSLVYP
372,SPRCR
373,YLGY
374,IYLL
375,ALPMHIR
376,IKPLDY
377,IKPLNY
378,IPALLKR
379,YKY
380,KWL
381,YH
382,YVVFK
383,DFY
384,IFL
385,KFY
386,GAPGPAGPGGIPGERG
387,GMKCAF
388,WHHTF
389,KAPVA
390,YKWL
391,YYAKPAAVR
392,HIKWGD
393,THIKWGD
394,NLHLPLP
395,YN
396,YPLDL
397,MGP
398,IGSENSEKTTMP
399,AA
400,TGLKP
401,AH
402,RLPSEFDLSAFLRA
403,GQY
404,GIL
405,LASPTM
406,IL
407,NENLLRFFVAPFPEVFG
408,PRHQG
409,WYSLAM
410,LLP
411,VSLPEW
412,AEL
413,AQL
414,HLL
415,VKK
416,WYSLAMA
417,HQAAGW
418,NMAINPSK
419,RPP
420,GLPGSRGERGLPG
421,RS
422,TNW
423,GPCSR
424,GTEKC
425,RGY
426,AHEPVK
427,IGDEPLANYL
428,IIAEK
429,AFL
430,FKR
431,SWVE
432,GLTSK
433,GKEIIVKAER
434,MNP
435,AVV
436,KPGRP
437,AQQLAAQLPAMCR
438,LAIPVNKP
439,TNGIIR
440,IDALNENK
441,GVHHA
442,IETWNPNNQ
443,IELPLG
444,PSFQP
445,QTQSLVYP
446,TPTQQS
447,AVVRP
448,SKVPP
449,QIGLF
450,QLLLQQ
451,MCESASSK
452,VYAPFE
453,AQTQSLVYP
454,SWSF
455,FFVAPFPEVFGK
456,WLAHK
457,SGP
458,TGP
459,AVPYP
460,CRQNTLGHNTQTSIAQ
461,AFKDEDTEEVPFR
462,IIP
463,VVRP
464,SVAKLEK
465,ENLLRF
466,FGG
467,VKAGF
468,HHTF
469,PDLVF
470,LENLHLPLP
471,WYSLA
472,PAP
473,RGLSK
474,NKL
475,WIR
476,MTEEY
477,GILRP
478,KLRP
479,RPK
480,KYPVQPFTESQSLTL
481,RF
482,SKVLPVPE
483,PLFPK
484,AMK
485,GFR
486,PGPLGLTGP
487,IVQ
488,AR
489,VVGP
490,VR
491,GAGP
492,AAATP
493,LEE
494,LQQ
495,PAQK
496,VAKLEK
497,LEPP
498,VFKAF
499,TLS
500,ASL
501,PKIDAMREKVLA
502,IEW
503,AYFTPE
504,LNNSRAP
505,PFPEVFGK
506,HQIYP
507,PQTLALP
508,PRVF
509,PVPQP
510,VWIG
511,WHHT
512,DKIHP
513,FSDKIAK
514,GEGSGA
515,GW
516,VEV
517,RIGLF
518,VM
519,VRGP
520,GHG
521,GPIGPA
522,GPIGPP
523,GPVGPA
524,GPVGPP
525,HLFGPPGKKDPV
526,LVPP
527,YNK
528,HNW
529,VEGY
530,PSSNK
531,EKGP
532,SF
533,LSGNK
534,LTGP
535,KIHPFAQAQ
536,YPER
537,VTR
538,EPVLGPVRGPFP
539,EQGP
540,FPEVFGK
541,QVVF
542,PRKEKLCTTS
543,DLTDY
544,PFP
545,IPAVFK
546,LGV
547,GPPGAIGP
548,QLGFLGPR
549,DLGP
550,QGP
551,TD
552,NKGPR
553,MA
554,VFER
555,IA
556,IAV
557,ENLHLPLP
558,DILN
559,LR
560,FGK
561,IRAQQ
562,LTQTPVVVPP
563,QVGP
564,GR
565,DAGP
566,VPKVK
567,ALAFQ
568,RPQIPP
569,QSGP
570,TLKYP
571,KGP
572,NIPPLTQTPV
573,VIEKYP
574,VIKP
575,KFAWPQ
576,ENGLPVHLDQSIFRR
577,ENGLPVHLDQSIFRRP
578,EPIPYGFLP
579,PVPP
580,PKAIP
581,ENGLPVHLDQSIFR
582,GLYP
583,APER
584,YR
585,HFEAMR
586,DIGP
587,QIGP
588,VSGP
589,PAPPK
590,VHLPPP
591,YVP
592,TPCPPQ
593,ERYL
594,LSMGSASLSP
595,PVNNPQIH
596,RDMPIQAF
597,AIYK
598,WT
599,ALNEINQFY
600,PYP
601,LLHSPP
602,GVPKVKETMVPKH
603,AF
604,RYLG
605,SNIP
606,SALAM
607,AP
608,LGECGGR
609,DNLLN
610,GAW
611,ASP
612,NSWVE
613,VPSERYL
614,SY
615,ENLLRFFVAPFPEVFG
616,LT
617,PSNPP
618,GEGGP
619,APP
620,RADHP
621,DTW
622,IPAQK
623,VAV
624,YGFLP
625,ALNEINQFYQK
626,FK
627,KVLPG
628,RR
629,GVW
630,HDHM
631,WA
632,GPSMR
633,ALPP
634,LNENLLRFFVAPFPEVFG
635,SHP
636,YQEPVL
637,VVPP
638,TVDQHQ
639,TP
640,VPQPIP
641,NPP
642,VYPFPGPI
643,IVGRPR
644,LNVPGEIVE
645,PQAFP
646,RPVQ
647,YQEPVLQPVR
648,STYQT
649,AMNPP
650,KVAGPK
651,LLRH
652,QLGP
653,LNPA
654,FP
655,LSPA
656,IVVE
657,YQEP
658,TGPIPN
659,APSAK
660,KAIP
661,RHQG
662,SLPQ
663,NLAG
664,VPFGVG
665,PL
666,FNE
667,PQPIP
668,QLLKLK
669,PSGQYY
670,PKLPPVKK
671,LF
672,GKP
673,GPK
674,SQPK
675,RMLGQ
676,FNQ
677,DF
678,GP
679,GQVPP
680,ACHP
681,VAPFPEVF
682,VLVPK
683,LKLP
684,ESAGIH
685,AV
686,GVPKVKETMVPK
687,LMGP
688,EPKAIP
689,KR
690,TDQHQDKIYP
691,RPR
692,FDK
693,VRGPFPIIV
694,TKIVP
695,TKVIP
696,GPA
697,EAP
698,GY
699,YGL
700,LHLP
701,PFFDPQIP
702,VAND
703,YS
704,NLHLP
705,EMPFPK
706,GPFPILV
707,YTVF
708,GIQSEPKAIP
709,PLP
710,SEPKAIP
711,IPAIN
712,RDILNQ
713,GFPGTPGLPGF
714,PQNILP
715,TCSP
716,PLPLL
717,YA
718,GTW
719,HPFAQ
720,GRPR
721,IAIP
722,FVAPFPEV
723,FC
724,TGGGNV
725,AKLEK
726,GHS
727,KLP
728,LQSW
729,PTHIK
730,YPFPGPIP
731,PPEIN
732,FHSGIQSEPKAIP
733,RVR
734,AGS
735,VAGTW
736,MM
737,ITTNP
738,EKERERQ
739,AGP
740,NILP
741,SIQSQPQAFP
742,IQSEPKAIP
743,AMKPW
744,AMPKPW
745,GLDIQK
746,DVPPYM
747,PIW
748,QP
749,DM
750,IAIPP
751,AFP
752,QPQAFP
753,YK
754,LAHKAL
755,APVPP
756,WVPSV
757,YV
758,INSQ
759,ITF
760,LGI
761,YQ
762,GF
763,IQSQPQAFP
764,YE
765,LDAQSAPLR
766,FVAPFPEVFG
767,RALP
768,SGIQSEPKAIP
769,QVPQPIP
770,ER
771,AIP
772,TTN
773,AGSS
774,ITT
775,YY
776,LLMPK
777,IPQEVLP
778,IR
779,PQR
780,QSQPQAFP
781,VRK
782,VPSERY
783,PKHP
784,SQPQAFP
785,LPLP
786,YQEPVLGP
787,EGEPR
788,WG
789,EDENNPFYLR
790,GLG
791,YGLF
792,GVQGPM
793,HQG
794,TPVVVPPFLQP
795,TPWVPPFLQP
796,QSEPKAIP
797,LALPP
798,VIPEL
799,HHT
800,LEK
801,NK
802,TFPHGP
803,AHHP
804,KDERF
805,KIEL
806,SPYP
807,QPIP
808,YSQQQQ
809,VVVPP
810,WNPR
811,RPKHPIKH
812,QK
813,YP
814,AIPP
815,DVITGA
816,SVAKL
817,PQEVLP
818,ASYDTKF
819,ALPM
820,MNPPK
821,TNP
822,VLDTDYK
823,IF
824,HIR
825,ASGPINFT
826,KVHSSIQSQPQAFT
827,QAFT
828,SSIQSQPQAFT
829,VHSSIQSQPQAFT
830,RML
831,LAMA
832,RLSGQTIEVTSEYLFRH
833,LEGR
834,GHF
835,GHP
836,HIRL
837,GS
838,EP
839,IG
840,RG
841,KDVPP
842,HPIKH
843,LALR
844,GI
845,VQ
846,AVF
847,GM
848,YG
849,SKVYPFPGPI
850,TK
851,HWTTQR
852,ALPH
853,AQK
854,FDART
855,DL
856,GA
857,VRSP
858,SVAKLE
859,NP
860,PYK
861,RL
862,LVRT
863,GL
864,AG
865,GVYPH
866,LGALPF
867,LKPTPEGN
868,DYG
869,LVNDLVTPVFDNL
870,YYA
871,GH
872,VYNEGLPAP
873,KG
874,AI
875,TTENVLFG
876,FG
877,TQPKTNAIPY
878,YYAPFE
879,DA
880,MAIPPKK
881,MG
882,VLPIPQ
883,GE
884,GT
885,HG
886,VG
887,ALEP
888,MK
889,WTFR
890,GQ
891,FQ
892,QG
893,SG
894,GG
895,LG
896,GD
897,TG
898,EG
899,YGG
900,NG
901,PG
902,VVG
903,VAE
904,YQIGL
905,AAATPL
906,ADHP
907,AGLAPY
908,AGLP
909,AL
910,AMQS
911,ASYDTKFE
912,AYPS
913,DKIHPF
914,DLQGK
915,DTGP
916,EAPPK
917,EEYPDL
918,EK
919,ELIN
920,ENLHLP
921,EPR
922,ESI
923,ESIINF
924,EVLP
925,FEGTVFENG
926,FVEPIP
927,GGDDL
928,GGFIE
929,GGLEPI
930,GNGGA
931,GPR
932,GV
933,GVDNPGHPF
934,HA
935,HAEIN
936,HANENIF
937,HIK
938,HIKW
939,HKEMPFPKY
940,HLPPPV
941,HQDF
942,HSGIQSEPKAIP
943,IFENLQN
944,IGGSI
945,IIPLEN
946,INDPF
947,KAEEEYPDL
948,KDQGSYEDF
949,KFHSGIQSEPKAIP
950,KGLWE
951,KHQDFF
952,KLEK
953,KLSDW
954,KTEIPTIN
955,LEIVPK
956,LENLHLP
957,LK
958,LLNP
959,LNSLT
960,LNVVGETVE
961,LPPP
962,LPPPVH
963,LSSGDVF
964,LTDLENLHLP
965,LTFPG
966,MMVPI
967,NAGPFTPTVNREQLSTS
968,NF
969,NIIPA
970,NKPGDML
971,NVR
972,PAAPPK
973,PAGPR
974,PAGPVG
975,PER
976,PFPE
977,PGR
978,PHA
979,PNSHP
980,PP
981,PPK
982,PPL
983,PTFIAW
984,PTPVP
985,PVQ
986,QAFP
987,QDNSRYTHFLTQHYDAFPQGR
988,QEVLP
989,QNILP
990,QSLTL
991,QVTSTAV
992,RADHPF
993,RELEEL
994,RELKDL
995,RINK
996,RINKK
997,RPKH
998,RPKHPI
999,RPKHPIKHQ
1000,SAGPM
1001,TGPIPNSLPQ
1002,TPSPR
1003,TVQVTSTAV
1004,VGGPR
1005,VGPR
1006,VIGSPPEIN
1007,VLGPVRGPFPIIV
1008,VLLPDEVSGL
1009,VLPEI
1010,VPPAK
1011,VPQP
1012,VQVTSTAV
1013,VVVPPF
1014,WIHNENQGF
1015,YAEER
1016,YPF
1017,YPGIA
1018,YPIL
1019,YRGGLEPINF